hometype,price,beds,baths,neighborhood,sqft,age
Condo/Co-op,870000,1,1.5,Yerba Buena,847,17
Condo/Co-op,779000,1,1,Haight Ashbury,753,92
Condo/Co-op,660000,1,1,Candlestick Point,814,17
Condo/Co-op,906000,1,1,South of Market,764,10
Condo/Co-op,910000,1,1,Inner Mission,823,4
Condo/Co-op,640000,1,1,Outer Richmond,742,36
Condo/Co-op,825000,1,1,Mission Bay,693,9
Condo/Co-op,595000,1,1,Telegraph Hill,470,111
Condo/Co-op,875000,1,1,Pacific Heights,765,43
Condo/Co-op,880000,1,2,Inner Mission,889,18
Condo/Co-op,950000,1,1,Inner Mission,817,9
Condo/Co-op,820000,1,1,Mission Dolores,1092,110
Condo/Co-op,865000,1,1,Cow Hollow,768,89
Condo/Co-op,800000,1,1.5,Potrero Hill,907,88
Condo/Co-op,600000,1,1,Cow Hollow,558,92
Condo/Co-op,830000,1,1,Hayes Valley,678,3
Condo/Co-op,849000,1,1,Hayes Valley,646,10
Condo/Co-op,460000,1,1,South of Market,480,107
Condo/Co-op,880000,1,1,South of Market,925,24
Condo/Co-op,750000,1,1,South of Market,776,21
Condo/Co-op,759000,1,1.5,South of Market,830,16
Condo/Co-op,895000,1,2,South of Market,1209,14
Condo/Co-op,945000,1,1.5,Jordan Park/Laurel Heights,925,10
Condo/Co-op,750000,1,1,Lower Pacific Height,667,110
Condo/Co-op,950000,1,1,Glen Park,918,111
Condo/Co-op,810000,1,1,Bernal Heights,953,38
Condo/Co-op,351601,1,1,Potrero Hill,690,11
Condo/Co-op,356589,1,1,Potrero Hill,535,11
Condo/Co-op,935000,1,1.5,South of Market,1220,21
Condo/Co-op,910000,1,1,Mission Bay,741,9
Condo/Co-op,950000,1,1,South Beach,1060,102
Condo/Co-op,755000,1,1,Mission Bay,715,14
Condo/Co-op,830000,1,1,Mission Bay,787,14
Condo/Co-op,890000,1,1,South Beach,709,14
Condo/Co-op,765000,1,1,South Beach,544,27
Condo/Co-op,835000,1,1,Russian Hill,570,53
Condo/Co-op,950000,1,2,Van Ness/Civic Center,824,10
Condo/Co-op,518000,1,1,Van Ness/Civic Center,556,36
Condo/Co-op,675000,1,1,Van Ness/Civic Center,724,36
Condo/Co-op,700000,1,1,Ingleside Heights,669,16
Condo/Co-op,300353,1,1,Lake,700,106
Condo/Co-op,886500,1,1,Potrero Hill,700,11
Condo/Co-op,930000,1,1.5,Central Waterfront,854,22
Condo/Co-op,770000,1,1,Mount Davidson Manor,831,33
Condo/Co-op,845000,1,1,Central Richmond,862,14
Condo/Co-op,610000,1,1,,543,69
Condo/Co-op,805000,1,1,Twin Peaks,735,57
Condo/Co-op,675000,1,1,Noe Valley,529,59
Condo/Co-op,800000,1,1,Twin Peaks,620,54
Condo/Co-op,678000,1,1,Anza Vista,605,93
Condo/Co-op,861000,1,1,Mission Dolores,662,35
Condo/Co-op,800000,1,1,Hayes Valley,518,111
Condo/Co-op,901000,1,1,Duboce Triangle,768,79
Condo/Co-op,738000,1,1,Downtown,682,36
Condo/Co-op,870000,1,1,Van Ness/Civic Center,989,98
Condo/Co-op,640000,1,1,Bayview,823,8
Condo/Co-op,913000,1,1,South Beach,797,14
Condo/Co-op,880000,1,1,Downtown,677,8
Condo/Co-op,685000,1,1,Downtown,552,109
Condo/Co-op,700000,1,1,Nob Hill,575,68
Condo/Co-op,885000,1,1,Nob Hill,756,43
Condo/Co-op,717000,1,1,Downtown,601,37
Condo/Co-op,735000,1,1,Nob Hill,642,106
Condo/Co-op,700000,1,1,Downtown,834,96
Condo/Co-op,249889,1,1,Downtown,613,11
Condo/Co-op,755000,1,1,Van Ness/Civic Center,643,10
Condo/Co-op,795000,1,1,Van Ness/Civic Center,840,52
Condo/Co-op,700000,1,1,Downtown,822,96
Condo/Co-op,860000,1,1,Van Ness/Civic Center,800,30
Condo/Co-op,839000,1,2,Van Ness/Civic Center,882,36
Condo/Co-op,903000,1,1,Inner Sunset,870,71
Condo/Co-op,460285,1,1,Candlestick Point,807,11
Condo/Co-op,600000,1,1,Crocker Amazon,745,38
Condo/Co-op,820000,1,1,Financial District,664,109
Condo/Co-op,710000,1,1,Yerba Buena,504,8
Condo/Co-op,825000,1,1,South Beach,622,11
Condo/Co-op,679000,1,1,South of Market,500,0
Condo/Co-op,854000,1,1,South of Market,672,0
Condo/Co-op,900000,1,1,South Beach,838,14
Condo/Co-op,888000,1,1,South Beach,737,11
Condo/Co-op,780000,1,1,South Beach,600,12
Condo/Co-op,755000,1,1,Mission Bay,693,14
Condo/Co-op,930000,1,1,Yerba Buena,792,8
Condo/Co-op,850000,1,1.5,South of Market,930,17
Condo/Co-op,845000,1,1,South of Market,648,0
Condo/Co-op,700000,1,1,South of Market,658,25
Condo/Co-op,875000,1,1,South of Market,1101,17
Condo/Co-op,825000,1,1,South of Market,756,10
Condo/Co-op,745000,1,1,Van Ness/Civic Center,738,10
Condo/Co-op,645000,1,1,Van Ness/Civic Center,608,36
Condo/Co-op,685000,1,1,Van Ness/Civic Center,793,36
Condo/Co-op,805000,1,1,Western Addition,744,11
Condo/Co-op,757500,1,1,Downtown,750,92
Condo/Co-op,875000,1,1.5,Financial District,1285,2
Condo/Co-op,670000,1,1,Downtown,650,55
Condo/Co-op,715000,1,1,Downtown,632,36
Condo/Co-op,680000,1,1,Downtown,769,11
Condo/Co-op,795000,1,1,Downtown,738,45
Condo/Co-op,459000,1,1,Candlestick Point,814,17
Condo/Co-op,730500,1,1,Hunters Point,740,1
Condo/Co-op,799000,1,1,Marina,775,26
Condo/Co-op,756000,1,1,Diamond Heights,744,46
Condo/Co-op,748000,1,1,Diamond Heights,830,46
Condo/Co-op,760000,1,1,Diamond Heights,830,46
Condo/Co-op,875000,1,1,Mission Dolores,642,12
Condo/Co-op,756000,1,1,Mission Dolores,610,94
Single Family Residential,739000,1,1,Bayview,875,110
Condo/Co-op,811000,1,1,Yerba Buena,700,8
Condo/Co-op,850000,1,1.5,South of Market,844,15
Condo/Co-op,929000,1,1,Telegraph Hill,825,45
Condo/Co-op,950000,1,1.5,South of Market,1027,15
Condo/Co-op,875000,1,1,Hayes Valley,880,129
Condo/Co-op,925000,1,1,Van Ness/Civic Center,1267,98
Condo/Co-op,790000,1,1,Pacific Heights,675,49
Condo/Co-op,685000,1,1,Van Ness/Civic Center,749,36
Condo/Co-op,899500,1,1,Van Ness/Civic Center,640,1
Condo/Co-op,799500,1,1,Van Ness/Civic Center,603,1
Condo/Co-op,839500,1,1,Van Ness/Civic Center,619,1
Condo/Co-op,850000,1,1,Russian Hill,792,36
Condo/Co-op,900000,1,1,Lower Pacific Height,685,118
Condo/Co-op,375000,1,1,Lower Pacific Height,718,26
Condo/Co-op,575000,1,1.5,Lower Pacific Height,1116,26
Condo/Co-op,885000,1,1,Central Waterfront,591,0
Condo/Co-op,885000,1,1,Potrero Hill,646,55
Condo/Co-op,746000,1,1,Russian Hill,510,108
Condo/Co-op,775000,1,1,Downtown,648,37
Condo/Co-op,725000,1,1,Nob Hill,656,40
Condo/Co-op,880000,1,1,North Beach,626,37
Condo/Co-op,444038,1,1,Western Addition,659,18
Condo/Co-op,950000,1,1,Jordan Park/Laurel Heights,884,89
Condo/Co-op,930000,1,1,Pacific Heights,779,128
Condo/Co-op,850000,1,1,Nob Hill,745,109
Condo/Co-op,888000,1,1,Outer Richmond,859,12
Condo/Co-op,855000,1,1,Pacific Heights,547,128
Condo/Co-op,929999,1,1,South Beach,722,14
Condo/Co-op,620000,1,1,North Waterfront,566,25
Condo/Co-op,900000,1,1,South Beach,842,10
Condo/Co-op,850000,1,1,South Beach,605,10
Condo/Co-op,740000,1,1,Downtown,835,96
Condo/Co-op,855000,1,1,South Beach,725,16
Condo/Co-op,870000,1,1,South Beach,675,16
Condo/Co-op,680000,1,1,Pacific Heights,542,58
Condo/Co-op,720000,1,1,Ingleside Heights,747,16
Condo/Co-op,675000,1,1,Ingleside Heights,747,16
Condo/Co-op,670000,1,1,Ingleside Heights,669,16
Condo/Co-op,830000,1,1,Mission Bay,916,14
Condo/Co-op,831000,1,1.5,Potrero Hill,725,11
Condo/Co-op,930000,1,1.5,Mission Bay,909,9
Condo/Co-op,808000,1,1.5,South of Market,643,15
Condo/Co-op,720000,1,1,South of Market,685,21
Condo/Co-op,935000,1,1.5,South of Market,1179,16
Condo/Co-op,795000,1,1,Mission Bay,748,14
Townhouse,900000,1,1.5,Mission Bay,909,9
Condo/Co-op,918000,1,1,Central Waterfront,721,0
Condo/Co-op,675000,1,1,South Beach,473,21
Condo/Co-op,685000,1,1,South Beach,658,27
Condo/Co-op,900000,1,1,South Beach,661,27
Condo/Co-op,750000,1,1,Eureka Valley/Dolore,659,118
Condo/Co-op,445000,1,1.5,Central Waterfront,962,15
Condo/Co-op,805000,1,1,Inner Mission,631,4
Condo/Co-op,947000,1,1,Hayes Valley,658,123
Condo/Co-op,775000,1,1,Noe Valley,434,128
Condo/Co-op,770000,1,1,Van Ness/Civic Center,836,30
Condo/Co-op,815000,1,1,Van Ness/Civic Center,750,30
Condo/Co-op,890000,1,1,Van Ness/Civic Center,900,52
Condo/Co-op,927000,1,1,Van Ness/Civic Center,840,52
Condo/Co-op,760000,1,1,South of Market,670,21
Condo/Co-op,760000,1,1,South of Market,671,7
Condo/Co-op,850000,1,1,South of Market,756,10
Condo/Co-op,840000,1,1,South of Market,765,10
Condo/Co-op,788000,1,1,South of Market,710,16
Condo/Co-op,814000,1,1,South of Market,795,16
Condo/Co-op,849000,1,1,Outer Sunset,739,45
Condo/Co-op,905000,1,2,South Beach,818,15
Condo/Co-op,790000,1,1,Yerba Buena,677,14
Condo/Co-op,725000,1,1,Noe Valley,902,90
Condo/Co-op,845000,1,1,Bernal Heights,713,118
Condo/Co-op,470000,1,1,Bernal Heights,901,56
Condo/Co-op,680000,1,1,Hayes Valley,453,118
Condo/Co-op,935000,1,1,North Panhandle,1036,93
Condo/Co-op,875000,1,1,Lone Mountain,754,54
Condo/Co-op,908000,1,1,South Beach,691,14
Condo/Co-op,383339,1,1,South Beach,827,16
Condo/Co-op,779000,1,1,South of Market,603,0
Condo/Co-op,715000,1,1,North Waterfront,657,25
Condo/Co-op,879000,1,2,Inner Mission,955,18
Condo/Co-op,880000,1,1,Nob Hill,600,55
Condo/Co-op,380000,1,1,South of Market,564,13
Condo/Co-op,272822,1,1,South Beach,1050,14
Condo/Co-op,620000,1,1,North Waterfront,582,25
Condo/Co-op,935000,1,1.5,South of Market,978,17
Condo/Co-op,750000,1,1,Financial District,565,109
Condo/Co-op,790000,1,1,Yerba Buena,642,104
Condo/Co-op,820000,1,1,Twin Peaks,703,54
Condo/Co-op,625000,1,1,Outer Richmond,554,28
Condo/Co-op,356261,1,1,Potrero Hill,545,11
Condo/Co-op,860000,1,1,South Beach,710,10
Condo/Co-op,800000,1,1,South Beach,733,12
Condo/Co-op,825000,1,1,Cow Hollow,820,89
Condo/Co-op,950000,1,2,Russian Hill,918,88
Condo/Co-op,878000,1,1,Central Waterfront,743,0
Condo/Co-op,878000,1,1,,764,0
Condo/Co-op,874000,1,1,Central Waterfront,741,0
Condo/Co-op,900000,1,1,Potrero Hill,690,11
Condo/Co-op,875000,1,1,Mission Dolores,867,32
Condo/Co-op,792000,1,1,Hayes Valley,643,4
Condo/Co-op,847500,1,1.5,Central Waterfront,1204,19
Condo/Co-op,851000,1,1,Pacific Heights,653,31
Condo/Co-op,749000,1,1,Van Ness/Civic Center,679,11
Condo/Co-op,940000,1,1,Cow Hollow,700,96
Condo/Co-op,798000,1,1,Lower Pacific Height,640,38
Condo/Co-op,245000,1,1,Lower Pacific Height,540,26
Condo/Co-op,930000,1,1,Lower Pacific Height,889,34
Condo/Co-op,915000,1,1.5,South of Market,1124,22
Condo/Co-op,308266,1,1,Mission Bay,684,9
Townhouse,875000,1,1,South of Market,1157,18
Condo/Co-op,845000,1,1,Western Addition,701,19
Condo/Co-op,460000,1,1,Western Addition,550,55
Condo/Co-op,872000,1,1,Western Addition,749,11
Condo/Co-op,685000,1,1,Western Addition,588,34
Condo/Co-op,780000,1,1,South Beach,669,17
Condo/Co-op,325923,1,1,Diamond Heights,676,43
Condo/Co-op,842000,1,1,Yerba Buena,807,28
Condo/Co-op,760000,1,1,Diamond Heights,744,46
Condo/Co-op,705000,1,1,Hayes Valley,639,94
Condo/Co-op,820000,1,1,Inner Mission,676,8
Condo/Co-op,1050500,1,1,Eureka Valley/Dolore,966,103
Condo/Co-op,1015000,1,1.5,Central Waterfront,1092,18
Condo/Co-op,1005000,1,1,South Beach,1100,2
Condo/Co-op,1230000,1,1,South Beach,830,4
Condo/Co-op,1042000,1,1,South Beach,759,3
Condo/Co-op,1100000,1,2,South of Market,1021,19
Condo/Co-op,1001000,1,1,Cow Hollow,934,46
Condo/Co-op,1040000,1,1,North Panhandle,881,118
Condo/Co-op,1075000,1,1.5,Yerba Buena,1075,17
Condo/Co-op,1030000,1,1,South Beach,840,4
Condo/Co-op,1045000,1,1.5,South Beach,1090,23
Condo/Co-op,1094000,1,1,South Beach,840,4
Condo/Co-op,1210000,1,1.5,Yerba Buena,1029,16
Condo/Co-op,1020000,1,1.5,South Beach,976,17
Condo/Co-op,1013000,1,1,Van Ness/Civic Center,738,1
Condo/Co-op,1040000,1,1,Russian Hill,844,26
Condo/Co-op,1021000,1,1.5,South of Market,1231,19
Condo/Co-op,1200000,1,1,Pacific Heights,1089,89
Condo/Co-op,1150000,1,1,Eureka Valley/Dolore,982,91
Condo/Co-op,1050000,1,1.25,South Beach,976,17
Condo/Co-op,1000000,1,1,Inner Mission,905,81
Condo/Co-op,1080000,1,1,Van Ness/Civic Center,726,30
Condo/Co-op,1200000,1,1,Yerba Buena,909,8
Condo/Co-op,1512500,1,1,Haight Ashbury,1801,122
Condo/Co-op,1200000,1,1.5,Downtown,1379,12
Condo/Co-op,1495000,1,1,Financial District,1042,31
Single Family Residential,1200000,1,1,Central Sunset,827,100
Condo/Co-op,1310000,1,1,Pacific Heights,1253,94
Condo/Co-op,1160000,1,2,Inner Mission,891,18
Condo/Co-op,1225000,1,2,South of Market,1404,14
Multi-Family (5+ Unit),8350000,1,,Hayes Valley,8020,106
Condo/Co-op,1230001,1,1,Hayes Valley,870,8
Condo/Co-op,1100000,1,1,Eureka Valley/Dolore,1050,37
Condo/Co-op,1100000,1,2.5,South of Market,1366,17
Condo/Co-op,1100000,1,1.5,South of Market,1161,19
Condo/Co-op,1245000,1,1,Pacific Heights,1032,95
Condo/Co-op,1000000,1,1,Hayes Valley,855,10
Condo/Co-op,1000000,1,1,Marina,790,94
Condo/Co-op,1285000,1,1,Van Ness/Civic Center,806,1
Condo/Co-op,1055000,1,1,Pacific Heights,1370,52
Condo/Co-op,1045000,1,1,Van Ness/Civic Center,626,1
Condo/Co-op,1030000,1,1,Central Waterfront,778,0
Condo/Co-op,1040000,1,1,Central Waterfront,707,0
Condo/Co-op,1050000,1,1,Central Waterfront,764,0
Condo/Co-op,1666800,1,1,Nob Hill,1156,89
Condo/Co-op,1010000,1,1,Cow Hollow,885,89
Condo/Co-op,1290000,1,1.5,Mission Bay,1002,15
Condo/Co-op,1240000,1,1,Marina,991,87
Condo/Co-op,1150000,1,1,Cow Hollow,950,54
Condo/Co-op,1101000,1,1,South Beach,840,4
Condo/Co-op,1195000,1,1,Financial District,915,11
Condo/Co-op,1250000,1,1,South Beach,1046,27
Condo/Co-op,1300000,1,1,South Beach,808,9
Condo/Co-op,1155000,1,1,Van Ness/Civic Center,806,1
Condo/Co-op,1166666,1,1,South Beach,809,10
Condo/Co-op,1200000,1,1,South Beach,851,2
Condo/Co-op,1100000,1,1,South Beach,873,2
Condo/Co-op,1138000,1,1,North Panhandle,861,15
Condo/Co-op,1000000,1,1,South of Market,1033,15
Condo/Co-op,1000000,1,1,Mission Bay,888,14
Condo/Co-op,1175000,1,1,Mission Bay,1051,6
Condo/Co-op,1075000,1,1,South Beach,840,4
Condo/Co-op,1200000,1,2,Central Waterfront,1060,16
Single Family Residential,1255000,1,1,Noe Valley,1010,108
Condo/Co-op,1240000,1,2,South of Market,1598,21
Condo/Co-op,1670000,1,2,Inner Mission,1763,18
Condo/Co-op,1250000,1,2,South of Market,1475,14
Single Family Residential,1055000,1,1,Glen Park,500,112
Condo/Co-op,1200000,1,1,Pacific Heights,1008,90
Condo/Co-op,1335000,1,1,South Beach,883,3
Condo/Co-op,1380000,1,2,South Beach,1033,3
Condo/Co-op,1069000,1,1,South Beach,920,3
Condo/Co-op,1100000,1,1,South Beach,920,3
Condo/Co-op,1050000,1,1,South Beach,806,10
Condo/Co-op,1198000,1,1,South Beach,854,2
Condo/Co-op,1115000,1,1,South Beach,807,9
Condo/Co-op,1245000,1,1,South Beach,880,1
Condo/Co-op,1000000,1,1,Yerba Buena,946,28
Condo/Co-op,1200000,1,1,North Waterfront,1243,35
Condo/Co-op,1100000,1,1,North Waterfront,971,35
Condo/Co-op,1005000,1,1,Yerba Buena,790,104
Single Family Residential,1550000,1,1.25,Corona Heights,1041,60
Condo/Co-op,1135000,1,1,Corona Heights,961,95
Condo/Co-op,1045000,1,1.5,Downtown,1334,12
Condo/Co-op,1075000,1,2,Outer Richmond,1515,27
Multi-Family (2-4 Unit),2470000,1,,Parnassus/Ashbury Heights,3204,93
Condo/Co-op,1000000,1,1,Mission Bay,961,10
Condo/Co-op,1095000,1,1,South Beach,1185,23
Condo/Co-op,1008000,1,1,Jordan Park/Laurel Heights,918,69
Condo/Co-op,1115000,1,1,Russian Hill,1211,105
Single Family Residential,1826319,1,1,Potrero Hill,990,27
Condo/Co-op,1050000,1,1.5,South Beach,1005,3
Condo/Co-op,1075000,1,1.5,South Beach,851,3
Condo/Co-op,1550000,1,2,South Beach,1788,111
Condo/Co-op,1050000,1,1,Alamo Square,1346,114
Multi-Family (2-4 Unit),1047000,1,3,Central Sunset,2027,94
Condo/Co-op,1095000,1,1,South Beach,1096,81
Condo/Co-op,1250000,1,1,South Beach,850,0
Single Family Residential,1350000,1,1,Noe Valley,1075,93
Condo/Co-op,1349000,1,2,South Beach,1501,101
Condo/Co-op,715000,2,1,Inner Mission,824,118
Single Family Residential,913000,2,2,Bernal Heights,1025,72
Single Family Residential,988000,2,1,Central Sunset,1162,79
Condo/Co-op,950000,2,2,Diamond Heights,1175,46
Condo/Co-op,530000,2,2,Noe Valley,1042,17
Townhouse,650000,2,1.5,Bernal Heights,866,15
Condo/Co-op,973550,2,2,Bernal Heights,980,14
Condo/Co-op,510283,2,2,Candlestick Point,1063,17
Single Family Residential,750000,2,1,Bayview,1080,106
Single Family Residential,950000,2,1,Bayview,1375,79
Single Family Residential,905000,2,1,Bayview,1125,93
Condo/Co-op,999900,2,2,Twin Peaks,1690,15
Condo/Co-op,930000,2,1,Alamo Square,1305,128
Condo/Co-op,456896,2,1,Mission Dolores,816,13
Condo/Co-op,798000,2,2,Bayview,1086,8
Condo/Co-op,820000,2,2,Ingleside Heights,1047,16
Condo/Co-op,1000000,2,1,Nob Hill,929,108
Condo/Co-op,907000,2,1,Russian Hill,779,38
Single Family Residential,951000,2,1.5,Crocker Amazon,1013,68
Condo/Co-op,780000,2,1,Mount Davidson Manor,976,31
Condo/Co-op,870000,2,2,Candlestick Point,984,17
Single Family Residential,799900,2,1,Bayview,1200,71
Condo/Co-op,800000,2,2,Candlestick Point,1106,11
Townhouse,930000,2,2,South of Market,913,17
Condo/Co-op,880000,2,2,Downtown,994,100
Condo/Co-op,925000,2,2,Downtown,966,100
Condo/Co-op,900000,2,2,Outer Richmond,1258,39
Condo/Co-op,860000,2,2,Candlestick Point,1063,17
Single Family Residential,875000,2,2,Bayview,1750,76
Condo/Co-op,838500,2,2,Hunters Point,1185,1
Condo/Co-op,950000,2,2,,1340,0
Condo/Co-op,390003,2,1,Diamond Heights,890,43
Condo/Co-op,925000,2,1,Inner Mission,850,111
Condo/Co-op,824000,2,1,Diamond Heights,990,46
Condo/Co-op,900000,2,2,Candlestick Point,1337,17
Townhouse,825000,2,2,Bayview,1219,26
Condo/Co-op,815000,2,2,Candlestick Point,875,12
Single Family Residential,600000,2,1,Bayview,835,111
Condo/Co-op,895000,2,2,Hunters Point,1185,1
Condo/Co-op,950000,2,2,Hunters Point,1080,1
Condo/Co-op,799000,2,2,Hunters Point,1156,2
Townhouse,369020,2,1,Bayview,1127,9
Condo/Co-op,960000,2,2,South of Market,807,106
Condo/Co-op,500000,2,2,Lower Pacific Height,1094,26
Condo/Co-op,830000,2,2,Van Ness/Civic Center,881,36
Condo/Co-op,635000,2,1,Inner Mission,842,39
Single Family Residential,780000,2,1,Bayview,875,105
Condo/Co-op,998000,2,2,Downtown,1500,88
Condo/Co-op,925000,2,1,Inner Richmond,881,22
Condo/Co-op,875000,2,1,Inner Mission,850,111
Condo/Co-op,850000,2,1,South of Market,855,20
Condo/Co-op,825000,2,1,Inner Mission,800,108
Condo/Co-op,905000,2,1,Inner Mission,691,6
Condo/Co-op,1000000,2,1,Mission Dolores,709,102
Townhouse,912485,2,2,Van Ness/Civic Center,1099,36
Condo/Co-op,925000,2,2,South of Market,1136,16
Condo/Co-op,901000,2,1,Inner Mission,818,33
Condo/Co-op,884550,2,1,Bernal Heights,815,118
Condo/Co-op,950000,2,1,Bernal Heights,825,110
Condo/Co-op,925000,2,2,Outer Sunset,804,14
Condo/Co-op,829000,2,2,Central Sunset,1032,27
Condo/Co-op,840000,2,2,South of Market,1051,112
Condo/Co-op,818000,2,1,Lake,700,106
Condo/Co-op,975000,2,1,Lake,940,94
Condo/Co-op,925000,2,1,Inner Richmond,922,53
Condo/Co-op,855000,2,1.5,Financial District,744,48
Condo/Co-op,880000,2,2,Outer Richmond,1084,35
Condo/Co-op,865000,2,2,Outer Richmond,1084,35
Condo/Co-op,985000,2,1,Outer Sunset,1155,71
Condo/Co-op,820000,2,1,Inner Richmond,838,94
Condo/Co-op,888000,2,1,Potrero Hill,935,46
Single Family Residential,900000,2,1,Bayview,1198,94
Single Family Residential,935000,2,1,Bayview,1460,92
Single Family Residential,875000,2,1,Bayview,1340,91
Condo/Co-op,590000,2,1,Western Addition,840,55
Single Family Residential,990000,2,1,Ingleside Heights,1353,80
Condo/Co-op,900000,2,1.5,Financial District,775,48
Condo/Co-op,326813,2,1,Diamond Heights,890,43
Condo/Co-op,538000,2,1,Western Addition,840,54
Condo/Co-op,510000,2,1.5,Lower Pacific Height,1067,26
Condo/Co-op,1300000,2,2,North Panhandle,949,11
Condo/Co-op,1375000,2,1,Inner Sunset,1150,72
Condo/Co-op,1310000,2,2,Potrero Hill,916,3
Condo/Co-op,1360000,2,2,Yerba Buena,1230,9
Single Family Residential,1425000,2,2,Bernal Heights,1192,71
Condo/Co-op,1275000,2,1,Inner Mission,1121,102
Condo/Co-op,1485000,2,2,Inner Mission,1025,99
Single Family Residential,1330000,2,1,Bernal Heights,890,110
Condo/Co-op,1300000,2,2,Noe Valley,1290,118
Condo/Co-op,1431000,2,1,Noe Valley,1071,143
Condo/Co-op,1400000,2,1,Marina,1077,94
Single Family Residential,1360000,2,1.5,Central Sunset,1688,78
Condo/Co-op,1275000,2,2,Yerba Buena,1069,18
Single Family Residential,1425000,2,1,Glen Park,942,68
Condo/Co-op,1260000,2,1,North Panhandle,1160,110
Condo/Co-op,1400000,2,1,Bernal Heights,1164,108
Condo/Co-op,1405000,2,2,Mission Bay,1141,6
Condo/Co-op,1470000,2,2,Mission Bay,1240,6
Condo/Co-op,1378500,2,2,South Beach,1517,14
Condo/Co-op,1250000,2,2,South Beach,1127,18
Condo/Co-op,1390000,2,2,Mission Bay,1450,14
Condo/Co-op,1500000,2,2,Mission Bay,1488,14
Single Family Residential,1500000,2,1,Noe Valley,1152,78
Condo/Co-op,1470000,2,1,Nob Hill,1333,109
Condo/Co-op,1305000,2,1,Jordan Park/Laurel Heights,1281,118
Condo/Co-op,1275000,2,2,Central Waterfront,869,0
Single Family Residential,1360000,2,1,Mount Davidson Manor,1250,90
Single Family Residential,1300000,2,1,Central Richmond,1050,97
Single Family Residential,1300000,2,1,Outer Richmond,1150,93
Single Family Residential,1400000,2,1,Central Richmond,1550,99
Condo/Co-op,1340000,2,1.5,Western Addition,989,118
Condo/Co-op,1450000,2,2,Duboce Triangle,910,4
Single Family Residential,1250000,2,1,Outer Sunset,1360,108
Single Family Residential,1400000,2,1.5,Inner Sunset,1036,67
Condo/Co-op,1500000,2,1,Potrero Hill,1331,93
Condo/Co-op,1333000,2,2,Inner Mission,1021,3
Condo/Co-op,1440000,2,2.5,,1457,17
Single Family Residential,1500000,2,2,Bernal Heights,1385,111
Condo/Co-op,1252000,2,1.5,Russian Hill,1400,104
Condo/Co-op,1260000,2,1.5,Inner Mission,1090,118
Condo/Co-op,1450000,2,2,Yerba Buena,1440,8
Single Family Residential,1337000,2,1,Mount Davidson Manor,1249,91
Single Family Residential,1274000,2,1,Inner Sunset,1054,96
Single Family Residential,1450000,2,1,Central Sunset,1250,96
Condo/Co-op,1288168,2,2,Yerba Buena,1101,18
Condo/Co-op,1250000,2,2,North Panhandle,1042,16
Condo/Co-op,1450000,2,2,Haight Ashbury,1306,24
Condo/Co-op,1280000,2,2,Mission Bay,1122,14
Condo/Co-op,1261000,2,2,Yerba Buena,1296,17
Condo/Co-op,1320000,2,2,South Beach,1145,18
Condo/Co-op,1325000,2,1.5,Mission Bay,1283,15
Condo/Co-op,1250000,2,2,Van Ness/Civic Center,994,10
Condo/Co-op,1300000,2,2,Van Ness/Civic Center,1429,98
Condo/Co-op,1500000,2,2,Downtown,1720,105
Condo/Co-op,1499000,2,2,Financial District,1250,31
Single Family Residential,1305000,2,1,Central Sunset,1488,77
Single Family Residential,1480000,2,2,Central Sunset,1425,92
Single Family Residential,1351000,2,1,Central Sunset,1750,94
Single Family Residential,1425000,2,1,Central Sunset,912,107
Condo/Co-op,1467000,2,2.5,Inner Mission,1633,16
Condo/Co-op,1500000,2,1,Eureka Valley/Dolore,1175,133
Condo/Co-op,1470000,2,2,Inner Mission,1311,15
Condo/Co-op,1400000,2,2,Hayes Valley,1215,27
Condo/Co-op,1499000,2,1,Eureka Valley/Dolore,1238,107
Single Family Residential,1445000,2,1.5,Noe Valley,1297,72
Condo/Co-op,1395000,2,1,Pacific Heights,1358,68
Condo/Co-op,1350000,2,2,Pacific Heights,1246,116
Condo/Co-op,1350000,2,2,Van Ness/Civic Center,969,2
Condo/Co-op,1330000,2,2,Pacific Heights,1108,17
Condo/Co-op,1500000,2,2,Pacific Heights,1180,87
Condo/Co-op,1318000,2,2,Van Ness/Civic Center,1175,25
Condo/Co-op,1353000,2,2,Pacific Heights,1098,52
Condo/Co-op,1350000,2,1,Noe Valley,1185,123
Condo/Co-op,1460000,2,1,Noe Valley,1076,105
Condo/Co-op,1500000,2,1,Anza Vista,1303,71
Condo/Co-op,1365000,2,1,North Panhandle,1593,93
Condo/Co-op,1420000,2,1,North Panhandle,1262,105
Condo/Co-op,1350000,2,1.5,North Panhandle,1248,104
Condo/Co-op,1322000,2,2,Central Waterfront,869,0
Condo/Co-op,1375000,2,2,Lone Mountain,1035,23
Condo/Co-op,1425000,2,2,Pacific Heights,1380,105
Single Family Residential,1268000,2,1,Glen Park,874,110
Condo/Co-op,1450000,2,2,Mission Bay,1488,14
Condo/Co-op,1450000,2,2,South Beach,1092,18
Condo/Co-op,1340000,2,2,South Beach,1094,18
Condo/Co-op,1250000,2,2,South Beach,1223,17
Condo/Co-op,1395000,2,2,South of Market,1146,10
Condo/Co-op,1315000,2,1,Inner Mission,1188,93
Single Family Residential,1410000,2,1,Inner Sunset,1012,112
Single Family Residential,1480000,2,1,Central Sunset,1500,80
Single Family Residential,1450000,2,1,Inner Sunset,1345,94
Single Family Residential,1450000,2,1,Jordan Park/Laurel Heights,1120,93
Condo/Co-op,1500000,2,1.5,Parnassus/Ashbury Heights,1125,109
Condo/Co-op,1345000,2,2,Mission Bay,1219,14
Condo/Co-op,1250000,2,1,Mission Bay,968,9
Condo/Co-op,1250000,2,2,Mission Bay,991,14
Condo/Co-op,1270000,2,2,Mission Bay,966,9
Condo/Co-op,1255000,2,2,South Beach,1038,11
Condo/Co-op,1445000,2,2,Mission Bay,1286,14
Condo/Co-op,1398000,2,2,Central Waterfront,1104,0
Condo/Co-op,1325000,2,2,Mission Bay,1197,6
Condo/Co-op,1450000,2,2,Mission Bay,1080,10
Condo/Co-op,1429000,2,2,Central Waterfront,1104,0
Condo/Co-op,1495000,2,2,South Beach,1213,0
Condo/Co-op,1500000,2,2,South Beach,1456,22
Condo/Co-op,1450000,2,2,South Beach,1303,10
Condo/Co-op,1350000,2,2,South Beach,1205,18
Single Family Residential,1335750,2,2,Potrero Hill,1171,93
Condo/Co-op,1355000,2,2,Central Waterfront,1203,3
Condo/Co-op,1315000,2,2,Inner Mission,1140,4
Condo/Co-op,1465000,2,1,Mission Dolores,1150,105
Condo/Co-op,1450000,2,2,Inner Mission,1272,108
Condo/Co-op,1430000,2,1,Noe Valley,1204,113
Condo/Co-op,1500000,2,1.5,Noe Valley,1300,93
Condo/Co-op,1450000,2,1,Nob Hill,1038,109
Condo/Co-op,1500000,2,2.5,Nob Hill,1337,18
Condo/Co-op,1300000,2,2,Van Ness/Civic Center,1140,9
Condo/Co-op,1360000,2,2,Pacific Heights,1058,17
Condo/Co-op,1415000,2,2,Pacific Heights,1116,17
Condo/Co-op,1300000,2,2,Glen Park,1237,12
Single Family Residential,1350000,2,1,Bernal Heights,1764,90
Condo/Co-op,1280000,2,2,Glen Park,1098,53
Condo/Co-op,1350000,2,2,Inner Mission,1113,4
Condo/Co-op,1468000,2,2,Inner Mission,1027,99
Condo/Co-op,1300000,2,2.5,Inner Mission,1311,9
Condo/Co-op,1303000,2,2,South of Market,1133,16
Single Family Residential,1300000,2,1,Outer Sunset,1250,80
Single Family Residential,1251662,2,1,Outer Sunset,1150,77
Single Family Residential,1400000,2,1,Outer Richmond,1680,93
Condo/Co-op,1380000,2,2,Mission Bay,1235,11
Condo/Co-op,1300000,2,2,North Beach,1087,21
Multi-Family (2-4 Unit),1410000,2,1,Bernal Heights,1760,101
Single Family Residential,1458000,2,1,Bernal Heights,967,64
Condo/Co-op,1260000,2,1.5,Inner Mission,992,118
Multi-Family (2-4 Unit),1325000,2,1,Bernal Heights,2990,109
Single Family Residential,1325000,2,1,Bernal Heights,1000,78
Condo/Co-op,1500000,2,2,Haight Ashbury,1400,118
Condo/Co-op,1425000,2,1,Inner Richmond,1315,102
Condo/Co-op,1325000,2,1,North Panhandle,1031,97
Single Family Residential,1295000,2,2,Central Sunset,1592,78
Single Family Residential,1430000,2,2,Central Sunset,1375,89
Single Family Residential,1300000,2,1,Outer Sunset,1250,76
Single Family Residential,1325000,2,1,Central Sunset,1150,78
Condo/Co-op,1440000,2,2,South Beach,1083,21
Condo/Co-op,1385000,2,2,South Beach,1197,21
Condo/Co-op,1315000,2,2,South of Market,1213,10
Condo/Co-op,1295000,2,2,Inner Richmond,1355,16
Condo/Co-op,1274000,2,2,South Beach,1063,17
Condo/Co-op,1300000,2,2,Yerba Buena,1054,9
Condo/Co-op,1305000,2,1,Russian Hill,1027,111
Condo/Co-op,1285000,2,1,Pacific Heights,1220,95
Condo/Co-op,1406000,2,1.5,Lower Pacific Height,1284,118
Condo/Co-op,1405000,2,2,Lower Pacific Height,1120,26
Condo/Co-op,1375000,2,2,Parnassus/Ashbury Heights,1479,112
Single Family Residential,1500000,2,1,Outer Richmond,1465,93
Single Family Residential,1300000,2,1,Outer Sunset,1087,74
Single Family Residential,1460000,2,2,Outer Richmond,1414,78
Single Family Residential,1430000,2,2,Outer Richmond,1590,91
Condo/Co-op,1275000,2,1.5,Mission Bay,1058,6
Townhouse,1400000,2,2,Mission Bay,1223,9
Condo/Co-op,1390000,2,2,Mission Bay,1290,2
Condo/Co-op,1470000,2,2,Mission Bay,1372,6
Condo/Co-op,1254000,2,1,Mission Bay,1045,14
Condo/Co-op,1325000,2,2,Mission Bay,1169,2
Condo/Co-op,1480000,2,2,Mission Bay,1367,10
Condo/Co-op,1412000,2,1,Cow Hollow,1037,113
Condo/Co-op,1500000,2,1.5,Russian Hill,1659,90
Single Family Residential,1250000,2,1,Central Richmond,1225,98
Condo/Co-op,1500000,2,1,Parnassus/Ashbury Heights,1020,110
Condo/Co-op,1285000,2,1,Parnassus/Ashbury Heights,1490,109
Condo/Co-op,1361000,2,2,Parnassus/Ashbury Heights,1260,42
Condo/Co-op,1415000,2,2,Central Waterfront,1105,0
Condo/Co-op,1472000,2,2.5,Central Waterfront,1857,16
Condo/Co-op,1328000,2,2,Central Waterfront,916,0
Single Family Residential,1310000,2,3,Potrero Hill,2075,104
Condo/Co-op,1385000,2,2,Central Waterfront,1069,4
Single Family Residential,1250000,2,2,Bayview,1141,54
Single Family Residential,1500000,2,2,Nob Hill,1565,114
Condo/Co-op,1390000,2,1,Inner Richmond,1219,103
Condo/Co-op,1444000,2,2,Nob Hill,1129,4
Condo/Co-op,1350000,2,1,Duboce Triangle,1266,110
Condo/Co-op,1375000,2,1.5,Marina,1226,94
Condo/Co-op,1280000,2,2,Mission Bay,1122,14
Condo/Co-op,1386200,2,2,North Panhandle,1071,11
Condo/Co-op,1475000,2,2,Marina,1310,28
Condo/Co-op,1300000,2,2,Central Waterfront,1215,3
Condo/Co-op,1275000,2,2,Corona Heights,1491,37
Condo/Co-op,1400000,2,2,Yerba Buena,1446,28
Condo/Co-op,1275888,2,2,South Beach,1147,9
Condo/Co-op,1425000,2,2,South Beach,1163,10
Condo/Co-op,1302000,2,2,Central Waterfront,916,0
Condo/Co-op,1375000,2,2.5,Central Waterfront,1274,19
Condo/Co-op,1550000,2,2,Hayes Valley,1154,3
Townhouse,1630888,2,2.5,Bernal Heights,1284,18
Condo/Co-op,1550000,2,2.5,Inner Mission,1476,17
Condo/Co-op,1695000,2,2,Haight Ashbury,1155,118
Single Family Residential,1800000,2,2,Noe Valley,1437,78
Condo/Co-op,1925000,2,2,South Beach,1385,2
Condo/Co-op,2045000,2,2,South Beach,1403,2
Condo/Co-op,1920000,2,2,Central Waterfront,1811,9
Townhouse,1510000,2,2,Potrero Hill,1340,23
Condo/Co-op,1600000,2,2,North Beach,1534,17
Condo/Co-op,1851979,2,2,Inner Mission,1545,10
Condo/Co-op,1540000,2,1,Inner Mission,1312,93
Condo/Co-op,1650000,2,2,Noe Valley,1402,117
Condo/Co-op,1905000,2,1,Eureka Valley/Dolore,1435,89
Single Family Residential,2750000,2,2,Eureka Valley/Dolore,1500,90
Condo/Co-op,1925000,2,2,Eureka Valley/Dolore,1593,96
Condo/Co-op,1725000,2,2,Mission Dolores,1190,24
Condo/Co-op,1550000,2,1.5,Marina,1612,95
Condo/Co-op,1512500,2,1.5,Cow Hollow,1100,113
Single Family Residential,1700000,2,1,Central Sunset,1787,82
Single Family Residential,1600000,2,2,Central Sunset,1515,83
Single Family Residential,1550000,2,2,Central Sunset,1676,83
Condo/Co-op,1550000,2,2,North Waterfront,1718,35
Townhouse,1575000,2,2.5,North Waterfront,1414,43
Townhouse,1665000,2,2,Financial District,1347,33
Condo/Co-op,1525000,2,2,Hayes Valley,1143,10
Single Family Residential,1700000,2,1,Bernal Heights,1275,68
Single Family Residential,1670000,2,1.5,Bernal Heights,1480,104
Single Family Residential,3400000,2,2.5,Yerba Buena,3789,90
Condo/Co-op,1900650,2,2,South Beach,1590,22
Condo/Co-op,2825000,2,2,South Beach,1403,2
Condo/Co-op,1620000,2,2,Mission Bay,1250,11
Condo/Co-op,1535000,2,2,South Beach,1514,14
Condo/Co-op,1575000,2,2,Yerba Buena,1731,9
Condo/Co-op,2100000,2,2,South Beach,1317,10
Condo/Co-op,1500000,2,2,Mission Bay,1488,14
Condo/Co-op,1528000,2,2,South Beach,1525,14
Multi-Family (2-4 Unit),2850000,2,1,Eureka Valley/Dolore,4330,112
Condo/Co-op,1515000,2,1.5,Noe Valley,1055,104
Single Family Residential,1500000,2,1,Noe Valley,1152,78
Condo/Co-op,1680000,2,2,Nob Hill,1180,8
Condo/Co-op,2045000,2,2,Van Ness/Civic Center,1071,1
Condo/Co-op,1700000,2,1.5,Russian Hill,1414,104
Condo/Co-op,1600000,2,2,Pacific Heights,1688,105
Single Family Residential,1620000,2,1,Central Sunset,1851,86
Condo/Co-op,1908000,2,2,Marina,1647,92
Condo/Co-op,2210000,2,1.5,Marina,1963,91
Condo/Co-op,1625000,2,2,Pacific Heights,1510,123
Single Family Residential,1950000,2,1,Noe Valley,1288,126
Condo/Co-op,1635000,2,2,Hayes Valley,1942,118
Condo/Co-op,3400000,2,2.5,Nob Hill,2027,55
Single Family Residential,1615000,2,1,Inner Sunset,1346,97
Condo/Co-op,2050000,2,1.25,Pacific Heights,1750,105
Condo/Co-op,1500000,2,1,Potrero Hill,1331,93
Condo/Co-op,1900000,2,2,Pacific Heights,1376,96
Condo/Co-op,1732050,2,2,Eureka Valley/Dolore,1672,118
Single Family Residential,1630000,2,2,Inner Sunset,1475,70
Single Family Residential,1500000,2,2,Bernal Heights,1385,111
Condo/Co-op,2250000,2,2,South Beach,1309,18
Condo/Co-op,1688000,2,2,South Beach,1141,18
Condo/Co-op,1930000,2,2,South Beach,1548,22
Condo/Co-op,2425000,2,2,Russian Hill,1681,54
Condo/Co-op,2600000,2,2.5,Nob Hill,1912,40
Condo/Co-op,2200000,2,2,Corona Heights,2000,27
Condo/Co-op,1675000,2,2,Inner Richmond,1795,95
Condo/Co-op,1690000,2,2,South Beach,1286,4
Condo/Co-op,1937500,2,2,South Beach,1268,10
Condo/Co-op,1875000,2,2.5,South Beach,2095,11
Condo/Co-op,1550000,2,2,Eureka Valley/Dolore,1334,114
Single Family Residential,2325000,2,3,Eureka Valley/Dolore,1918,118
Condo/Co-op,1510000,2,2,Haight Ashbury,1337,36
Townhouse,1930000,2,2,Corona Heights,1868,24
Condo/Co-op,1595000,2,2,South of Market,947,0
Condo/Co-op,1550000,2,2,South Beach,1260,3
Condo/Co-op,1600000,2,2,South of Market,1472,11
Condo/Co-op,1550000,2,2,South Beach,1302,18
Condo/Co-op,2125000,2,2.5,South of Market,2421,16
Condo/Co-op,2725000,2,2,Financial District,1852,31
Condo/Co-op,1730000,2,2,Financial District,1320,31
Condo/Co-op,1500000,2,2,Downtown,1720,105
Single Family Residential,1810000,2,1,Central Sunset,1625,98
Single Family Residential,1710000,2,1.25,Central Sunset,1400,87
Single Family Residential,1575000,2,1,Central Sunset,1500,79
Single Family Residential,1520000,2,1,Central Sunset,1375,87
Condo/Co-op,1625000,2,2.5,Cow Hollow,1325,112
Condo/Co-op,1755000,2,1,Marina,1463,93
Townhouse,1620000,2,2.5,Mission Dolores,1537,10
Townhouse,1600000,2,2.5,Mission Dolores,1510,10
Condo/Co-op,1500000,2,1,Eureka Valley/Dolore,1175,133
Townhouse,1810000,2,2,Hayes Valley,1394,28
Condo/Co-op,1800000,2,2,Eureka Valley/Dolore,1189,20
Condo/Co-op,1550000,2,1,Duboce Triangle,1109,114
Condo/Co-op,1775000,2,2,Eureka Valley/Dolore,1383,107
Single Family Residential,1575000,2,1,Noe Valley,1050,72
Townhouse,1895000,2,2.5,Financial District,1602,38
Condo/Co-op,1580000,2,2,Nob Hill,938,1
Condo/Co-op,3100000,2,2,Pacific Heights,2300,38
Condo/Co-op,1500000,2,2,Pacific Heights,1180,87
Condo/Co-op,2350000,2,3,Pacific Heights,1818,93
Single Family Residential,2200000,2,1.25,Noe Valley,1300,118
Single Family Residential,1950000,2,1.5,Noe Valley,1509,118
Condo/Co-op,1725000,2,2,Duboce Triangle,1871,114
Condo/Co-op,1800000,2,2,Noe Valley,1488,129
Condo/Co-op,2088000,2,1.5,South Beach,2010,101
Condo/Co-op,1510000,2,2,South Beach,1372,22
Condo/Co-op,1750000,2,2,South Beach,1620,14
Condo/Co-op,1500000,2,1,Anza Vista,1303,71
Condo/Co-op,1600000,2,2,North Panhandle,1559,98
Condo/Co-op,1600000,2,3,Twin Peaks,2094,16
Condo/Co-op,1649000,2,2,Nob Hill,1838,57
Condo/Co-op,1700000,2,2.5,North Beach,1339,12
Condo/Co-op,1900000,2,2,Russian Hill,1681,54
Condo/Co-op,1700000,2,2,Pacific Heights,1500,116
Condo/Co-op,1505000,2,2,North Panhandle,1243,11
Condo/Co-op,1625000,2,1,Marina,1270,95
Condo/Co-op,1615000,2,2,Marina,1249,25
Condo/Co-op,1650000,2,2,Telegraph Hill,1238,32
Single Family Residential,2945000,2,2.25,Marina,1500,91
Single Family Residential,3000000,2,2,Marina,2245,91
Condo/Co-op,1650000,2,1,Pacific Heights,1314,95
Condo/Co-op,2040000,2,2.5,South Beach,1812,10
Condo/Co-op,1800000,2,2,South Beach,1187,0
Single Family Residential,1725000,2,1,Outer Richmond,1686,94
Condo/Co-op,11000000,2,3.5,Russian Hill,4150,90
Condo/Co-op,2950000,2,2,Russian Hill,1300,54
Condo/Co-op,1800000,2,1.5,Mission Dolores,1354,113
Condo/Co-op,1790000,2,2,South Beach,1187,0
Multi-Family (2-4 Unit),2475000,2,3,Inner Sunset,2400,106
Condo/Co-op,1500000,2,1.5,Parnassus/Ashbury Heights,1125,109
Condo/Co-op,2060000,2,2,Mission Bay,1562,6
Townhouse,1925000,2,2.5,Mission Bay,1948,10
Condo/Co-op,1609000,2,2,Mission Bay,1376,2
Condo/Co-op,2286000,2,2,South Beach,1645,3
Condo/Co-op,1680000,2,2,South Beach,1128,12
Condo/Co-op,1500000,2,2,South Beach,1456,22
Condo/Co-op,1775000,2,2,South Beach,1323,10
Condo/Co-op,1685000,2,2,Mission Bay,1374,2
Condo/Co-op,1675000,2,2,Mission Bay,1195,6
Condo/Co-op,1900000,2,2,South Beach,1401,2
Condo/Co-op,1748000,2,2,South Beach,1384,20
Condo/Co-op,1525000,2,2.5,Mission Bay,1802,15
Condo/Co-op,1632000,2,2,Eureka Valley/Dolore,1232,118
Multi-Family (2-4 Unit),1850000,2,2,Eureka Valley/Dolore,1460,114
Condo/Co-op,1825000,2,1,Eureka Valley/Dolore,1525,107
Condo/Co-op,1550000,2,1,Noe Valley,1032,118
Condo/Co-op,1650000,2,1.5,Noe Valley,1207,112
Condo/Co-op,1500000,2,1.5,Noe Valley,1300,93
Condo/Co-op,1675000,2,2,Nob Hill,1425,110
Condo/Co-op,1500000,2,2.5,Nob Hill,1337,18
Condo/Co-op,2000000,2,2,Pacific Heights,1306,6
Condo/Co-op,1805000,2,2,Lower Pacific Height,1353,22
Condo/Co-op,1595000,2,2,Inner Mission,1303,16
Single Family Residential,1810000,2,1,Bernal Heights,1200,89
Single Family Residential,1525000,2,1,Bernal Heights,1065,74
Single Family Residential,1660000,2,2,Glen Park,1334,77
Single Family Residential,2310000,2,2,Glen Park,1813,97
Single Family Residential,1610000,2,1,Outer Sunset,1547,91
Condo/Co-op,2060000,2,2,Mission Bay,1124,0
Condo/Co-op,1590000,2,2,,1119,0
Condo/Co-op,2300000,2,2.5,Mission Bay,1634,15
Single Family Residential,1725000,2,2,Potrero Hill,1261,111
Single Family Residential,2105000,2,2,Noe Valley,2366,118
Single Family Residential,1795000,2,1,Noe Valley,1048,118
Condo/Co-op,1500000,2,2,Haight Ashbury,1400,118
Condo/Co-op,1560000,2,2,Hayes Valley,1215,27
Single Family Residential,1625000,2,1,Central Sunset,1566,95
Condo/Co-op,1650000,2,2,South Beach,1147,9
Condo/Co-op,1543750,2,2,South Beach,1181,9
Condo/Co-op,1825000,2,2,South Beach,1382,2
Condo/Co-op,2000000,2,2,South Beach,1181,2
Condo/Co-op,1855000,2,2,South Beach,1187,0
Condo/Co-op,2400000,2,2,South Beach,1582,9
Condo/Co-op,1750000,2,2,South Beach,1307,10
Condo/Co-op,1901250,2,2,South Beach,1323,9
Condo/Co-op,3250000,2,2,South Beach,1344,27
Condo/Co-op,2250000,2,2,South Beach,1486,14
Condo/Co-op,1535000,2,2,South of Market,947,0
Townhouse,2600000,2,2,South of Market,1458,0
Condo/Co-op,1530000,2,2,Telegraph Hill,1275,29
Condo/Co-op,1540000,2,2,North Waterfront,1719,35
Condo/Co-op,1940000,2,2,North Waterfront,1831,35
Single Family Residential,2030000,2,1.5,Glen Park,1263,118
Condo/Co-op,1700000,2,1,Glen Park,1458,93
Condo/Co-op,1650000,2,2,South Beach,1457,22
Condo/Co-op,1825000,2,2.5,South Beach,1530,16
Condo/Co-op,2382000,2,2,South Beach,1387,17
Condo/Co-op,2100000,2,2,Russian Hill,1846,97
Condo/Co-op,1875000,2,2.5,Russian Hill,1645,33
Condo/Co-op,1850000,2,2,North Waterfront,1368,35
Multi-Family (2-4 Unit),1805000,2,,Eureka Valley/Dolore,1936,80
Condo/Co-op,1501000,2,1,Eureka Valley/Dolore,998,69
Single Family Residential,1800000,2,1,Corona Heights,875,110
Single Family Residential,1500000,2,1,Outer Richmond,1465,93
Single Family Residential,1520000,2,1,Outer Sunset,1045,91
Condo/Co-op,1625000,2,2,Parnassus/Ashbury Heights,1444,118
Single Family Residential,2200000,2,1,Parnassus/Ashbury Heights,1550,92
Condo/Co-op,1720000,2,2,Mission Bay,1385,2
Condo/Co-op,1749000,2,2,South Beach,1259,12
Condo/Co-op,2030000,2,2.5,South Beach,1724,10
Condo/Co-op,1761000,2,2,South Beach,1311,4
Condo/Co-op,1899000,2,2,South Beach,1238,10
Condo/Co-op,1875000,2,2.5,Lake,1712,93
Single Family Residential,3000000,2,1,Cow Hollow,1636,108
Multi-Family (2-4 Unit),1935000,2,2,Marina,2524,110
Condo/Co-op,1500000,2,1.5,Russian Hill,1659,90
Condo/Co-op,1550000,2,1.5,Russian Hill,1173,108
Condo/Co-op,1522000,2,2,Russian Hill,991,57
Condo/Co-op,1500000,2,1,Parnassus/Ashbury Heights,1020,110
Townhouse,1548500,2,2,Potrero Hill,1340,23
Multi-Family (2-4 Unit),2317500,2,2,Central Richmond,3560,99
Condo/Co-op,1790000,2,1.5,Eureka Valley/Dolore,1643,95
Single Family Residential,1500000,2,2,Nob Hill,1565,114
Condo/Co-op,2850000,2,2,Russian Hill,1616,55
Condo/Co-op,1650000,2,2,South Beach,1074,16
Single Family Residential,1600000,2,1,Outer Richmond,2020,92
Condo/Co-op,2005000,2,2,South Beach,1309,10
Condo/Co-op,1730000,2,2,Pacific Heights,1139,54
Condo/Co-op,1791000,2,2,Cow Hollow,1398,107
Condo/Co-op,1700000,2,1,Duboce Triangle,1440,118
Condo/Co-op,1530000,2,2,,1200,0
Condo/Co-op,1650000,2,2,Russian Hill,1380,110
Condo/Co-op,1775000,2,1,Russian Hill,1450,78
Condo/Co-op,1550000,2,1,Noe Valley,1053,108
Condo/Co-op,1650000,2,2.5,Anza Vista,1900,38
Single Family Residential,1888888,2,1,Noe Valley,1068,82
Single Family Residential,1817000,2,1.5,Glen Park,1398,97
Condo/Co-op,1310000,3,2,Central Richmond,1728,33
Condo/Co-op,1500000,3,2,Inner Sunset,1399,104
Condo/Co-op,1285000,3,1.5,Downtown,1355,109
Condo/Co-op,1460000,3,2,Inner Mission,1204,116
Condo/Co-op,1350000,3,2.5,Bernal Heights,1468,109
Multi-Family (2-4 Unit),1131000,3,2,Bernal Heights,1025,110
Single Family Residential,1452000,3,2,Bernal Heights,1800,110
Condo/Co-op,1370000,3,2,Mission Dolores,1407,94
Single Family Residential,1180000,3,1.5,Central Sunset,1245,79
Condo/Co-op,930000,3,2,South of Market,1260,112
Single Family Residential,1415000,3,1,Bernal Heights,1270,108
Condo/Co-op,1420000,3,2,Russian Hill,1385,29
Single Family Residential,773000,3,1,Ingleside Heights,1088,80
Townhouse,1400000,3,3,Lake,1376,114
Single Family Residential,988000,3,3,Bayview,1600,23
Single Family Residential,1305000,3,4,Bayview,2307,111
Townhouse,955000,3,1,Potrero Hill,1109,34
Single Family Residential,1400000,3,2,Outer Richmond,1710,97
Condo/Co-op,1375000,3,1,Hayes Valley,1016,106
Condo/Co-op,1162000,3,2,Eureka Valley/Dolore,1312,111
Single Family Residential,1460000,3,1,Bernal Heights,1820,91
Multi-Family (2-4 Unit),1415000,3,3,Inner Mission,2190,114
Condo/Co-op,1280000,3,2,Central Richmond,1693,33
Condo/Co-op,1300000,3,2,Western Addition,1099,55
Single Family Residential,1125000,3,2,Bayview,1657,103
Townhouse,1400000,3,2.5,Diamond Heights,2160,39
Single Family Residential,1000000,3,1,Ingleside Heights,1100,109
Single Family Residential,1400000,3,2.5,Crocker Amazon,1558,105
Condo/Co-op,800000,3,2,Crocker Amazon,1254,28
Single Family Residential,1185000,3,2,Crocker Amazon,1607,68
Single Family Residential,1100000,3,2,Bayview,1419,57
Single Family Residential,806000,3,2,Ingleside Heights,750,68
Condo/Co-op,1275000,3,2,Alamo Square,1303,114
Condo/Co-op,1310000,3,2,South Beach,1244,18
Condo/Co-op,1270000,3,2.5,Western Addition,1913,118
Condo/Co-op,1070000,3,3,Central Richmond,1395,96
Single Family Residential,1148888,3,2,Central Sunset,2100,87
Single Family Residential,1310000,3,2,Bayview,2345,77
Townhouse,960000,3,3.5,Candlestick Point,1647,6
Townhouse,1475000,3,2.5,Hunters Point,1510,0
Townhouse,920000,3,2,Diamond Heights,1447,54
Single Family Residential,1457000,3,2,Diamond Heights,1420,53
Condo/Co-op,1400000,3,2,South of Market,1805,16
Single Family Residential,1280000,3,3,Bayview,2773,14
Single Family Residential,675000,3,2,Bayview,1228,57
Condo/Co-op,1240000,3,1,Noe Valley,1136,97
Condo/Co-op,1380000,3,2,Downtown,1226,4
Condo/Co-op,1368000,3,2,Twin Peaks,1470,56
Townhouse,1460000,3,2.5,Diamond Heights,1959,42
Condo/Co-op,1250000,3,1,Eureka Valley/Dolore,1009,106
Multi-Family (2-4 Unit),1500000,3,2,Corona Heights,1708,100
Single Family Residential,1350000,3,2,Bayview,1650,118
Single Family Residential,1335008,3,1,Nob Hill,1650,103
Townhouse,990000,3,2,Van Ness/Civic Center,1110,36
Condo/Co-op,1200000,3,1,Downtown,1860,105
Condo/Co-op,1000000,3,1.5,Twin Peaks,1496,29
Condo/Co-op,1325000,3,1.5,Corona Heights,1361,113
Condo/Co-op,1500000,3,2,Eureka Valley/Dolore,1420,111
Condo/Co-op,1463000,3,2.5,Hayes Valley,1925,110
Townhouse,1425000,3,3,Central Sunset,1980,17
Single Family Residential,1100000,3,1,Inner Sunset,1250,78
Condo/Co-op,1480000,3,1,Parnassus/Ashbury Heights,1250,111
Condo/Co-op,1375000,3,2,Potrero Hill,1431,18
Condo/Co-op,1385000,3,2,Mission Bay,1290,14
Condo/Co-op,1275000,3,2,Inner Mission,1173,9
Condo/Co-op,1240000,3,2.5,South of Market,1278,8
Single Family Residential,1425000,3,2,Bernal Heights,1430,107
Condo/Co-op,1450000,3,3.5,Bernal Heights,1634,109
Single Family Residential,1227000,3,2,Bernal Heights,1240,96
Condo/Co-op,1500000,3,3,Glen Park,1625,53
Single Family Residential,1200000,3,1,Bernal Heights,1335,106
Single Family Residential,1000000,3,2,Bernal Heights,1207,54
Single Family Residential,1425000,3,2,Bernal Heights,1240,54
Multi-Family (2-4 Unit),1050000,3,2,Bernal Heights,1605,106
Single Family Residential,1260000,3,2,Outer Sunset,1196,77
Single Family Residential,1385000,3,1.5,Outer Sunset,1493,71
Single Family Residential,1442000,3,2,Outer Sunset,1704,68
Condo/Co-op,1000000,3,1.5,Twin Peaks,1523,29
Single Family Residential,1500000,3,1.5,Twin Peaks,1600,104
Single Family Residential,1300000,3,2,Outer Sunset,1214,73
Condo/Co-op,1410000,3,1,Noe Valley,1257,112
Condo/Co-op,1300000,3,2,Bernal Heights,1275,20
Single Family Residential,1153000,3,2,Bernal Heights,1335,106
Condo/Co-op,1329000,3,2,Alamo Square,1303,114
Condo/Co-op,1400000,3,1,Lower Pacific Height,1475,118
Single Family Residential,1300000,3,1.5,Outer Sunset,1430,77
Single Family Residential,1200000,3,1,Central Richmond,750,106
Single Family Residential,1406668,3,2,Central Richmond,1762,77
Condo/Co-op,1160000,3,2,North Waterfront,1087,43
Condo/Co-op,1390000,3,2,Parnassus/Ashbury Heights,1850,118
Single Family Residential,1300000,3,1,Outer Sunset,1550,72
Single Family Residential,1500000,3,1.5,Outer Richmond,1680,80
Condo/Co-op,1250000,3,2,Outer Sunset,1722,26
Single Family Residential,1159900,3,1,Outer Sunset,1214,73
Condo/Co-op,1210000,3,2,Central Sunset,1108,94
Single Family Residential,1350000,3,1,Crocker Amazon,1550,102
Condo/Co-op,1400000,3,1,Parnassus/Ashbury Heights,1615,109
Single Family Residential,1210000,3,2.5,Bayview,1910,34
Single Family Residential,760000,3,2,Bayview,1250,23
Single Family Residential,850000,3,1,Bayview,995,74
Single Family Residential,975000,3,2,Bayview,1604,95
Condo/Co-op,1475000,3,1,Inner Sunset,1361,115
Townhouse,1450000,3,3.5,Central Sunset,1980,17
Single Family Residential,1450000,3,2,Central Sunset,1294,96
Condo/Co-op,1500000,3,1,Alamo Square,1613,113
Single Family Residential,1285000,3,2,Outer Richmond,1825,118
Single Family Residential,1500000,3,2,Bernal Heights,1380,68
Condo/Co-op,1280000,3,1.25,Telegraph Hill,1400,111
Single Family Residential,3380000,3,3,Lone Mountain,2625,77
Single Family Residential,2065000,3,2,Inner Sunset,1809,80
Condo/Co-op,4950000,3,4,South Beach,2970,9
Single Family Residential,2400000,3,1,Eureka Valley/Dolore,1295,108
Single Family Residential,2225000,3,2,Bernal Heights,1807,55
Single Family Residential,2800000,3,2.5,Bernal Heights,1875,28
Condo/Co-op,1850000,3,2,Inner Mission,2350,15
Condo/Co-op,2550000,3,2,Inner Mission,1752,0
Multi-Family (2-4 Unit),2185000,3,3,Inner Mission,2342,109
Condo/Co-op,2400000,3,3,Inner Mission,2988,118
Single Family Residential,1885000,3,1,Bernal Heights,1424,76
Single Family Residential,2410000,3,3.5,Bernal Heights,1810,68
Condo/Co-op,2100000,3,1.5,Mission Dolores,1650,109
Single Family Residential,2900000,3,3,Eureka Valley/Dolore,1850,118
Single Family Residential,4700000,3,3,Eureka Valley/Dolore,2337,106
Condo/Co-op,1950000,3,2,South of Market,1630,10
Single Family Residential,2500000,3,3,Lower Pacific Height,2360,118
Condo/Co-op,2850000,3,2,Marina,2086,88
Multi-Family (2-4 Unit),1810000,3,1,Glen Park,2700,92
Single Family Residential,1880000,3,3.5,Diamond Heights,2421,49
Condo/Co-op,1905000,3,3,Hayes Valley,1764,112
Condo/Co-op,1885000,3,3,Inner Mission,2119,14
Single Family Residential,1925000,3,2,Bernal Heights,1507,89
Condo/Co-op,5455000,3,3,South Beach,2692,0
Condo/Co-op,3570000,3,3,Van Ness/Civic Center,2076,1
Condo/Co-op,2500000,3,2,Nob Hill,1407,9
Single Family Residential,3564875,3,2.5,Russian Hill,2090,112
Condo/Co-op,2650000,3,2,Nob Hill,1851,7
Single Family Residential,1900000,3,1.5,Parnassus/Ashbury Heights,1665,103
Condo/Co-op,2850000,3,2,Marina,1729,94
Condo/Co-op,1775000,3,2,Jordan Park/Laurel Heights,1417,108
Condo/Co-op,1800000,3,2.5,Inner Richmond,1856,113
Condo/Co-op,2200000,3,3,Inner Richmond,2310,113
Single Family Residential,2150000,3,2,Central Richmond,2408,82
Single Family Residential,1800000,3,2.5,Central Richmond,2216,95
Single Family Residential,2500000,3,2.5,Lake,2237,105
Single Family Residential,2778750,3,3.5,Lake,2900,102
Single Family Residential,2200000,3,3,Potrero Hill,2131,92
Condo/Co-op,2300000,3,3,Lake,2500,82
Single Family Residential,1925000,3,2,Central Richmond,1690,77
Single Family Residential,2200000,3,2.5,Central Richmond,2335,102
Single Family Residential,2425000,3,2,Noe Valley,1876,91
Condo/Co-op,1850000,3,2,Eureka Valley/Dolore,1557,17
Condo/Co-op,2150000,3,3,Lone Mountain,1840,79
Single Family Residential,1900000,3,2.5,Noe Valley,2550,108
Condo/Co-op,2000000,3,2.5,Alamo Square,1680,109
Single Family Residential,3100000,3,3.5,Alamo Square,3865,118
Single Family Residential,1930000,3,2,Bernal Heights,2160,89
Single Family Residential,2650000,3,3.5,Cow Hollow,2364,23
Single Family Residential,3200000,3,2.5,Lower Pacific Height,2040,118
Condo/Co-op,2735000,3,3,Lower Pacific Height,2632,118
Townhouse,1950000,3,2.5,Potrero Hill,1792,86
Single Family Residential,2500000,3,2.5,Inner Richmond,2271,118
Single Family Residential,2107000,3,1,Noe Valley,1668,118
Condo/Co-op,10900000,3,3.5,Yerba Buena,3207,13
Condo/Co-op,2250000,3,2,Eureka Valley/Dolore,2049,28
Single Family Residential,2100000,3,2,Eureka Valley/Dolore,1803,125
Multi-Family (2-4 Unit),1900000,3,3.5,Twin Peaks,2465,43
Condo/Co-op,4050000,3,2,South of Market,3452,108
Condo/Co-op,2220000,3,2,Nob Hill,1550,104
Single Family Residential,2250000,3,2,Central Sunset,2230,93
Single Family Residential,2475000,3,2.5,Lake,1960,109
Single Family Residential,1800000,3,2,Diamond Heights,1560,54
Condo/Co-op,2762500,3,3.5,Marina,2125,92
Condo/Co-op,2435000,3,2,Pacific Heights,2173,118
Condo/Co-op,1900000,3,3,Cow Hollow,1713,80
Condo/Co-op,1765000,3,1,Mission Dolores,1450,110
Condo/Co-op,1925000,3,2,Alamo Square,2057,112
Single Family Residential,4100000,3,3.5,Marina,3128,80
Single Family Residential,2525000,3,2,Lone Mountain,2139,81
Condo/Co-op,3000000,3,2,Eureka Valley/Dolore,2124,34
Single Family Residential,1800000,3,2.5,Potrero Hill,1657,80
Condo/Co-op,1790000,3,2,Noe Valley,1275,0
Condo/Co-op,1912500,3,3,Noe Valley,1715,16
Condo/Co-op,1875000,3,2,Financial District,1520,37
Multi-Family (2-4 Unit),2500000,3,2,Pacific Heights,2630,79
Single Family Residential,2521000,3,2.5,Lower Pacific Height,1950,118
Condo/Co-op,2200000,3,2,Russian Hill,1740,109
Condo/Co-op,1850000,3,2,Pacific Heights,1670,104
Single Family Residential,2912500,3,3,Pacific Heights,1910,118
Condo/Co-op,2350000,3,2,Russian Hill,1898,26
Single Family Residential,3040000,3,3.5,Outer Richmond,3935,31
Single Family Residential,3030000,3,3.5,Anza Vista,3035,123
Single Family Residential,2850000,3,3.5,Lower Pacific Height,2800,20
Single Family Residential,2730000,3,2.5,Noe Valley,1844,99
Single Family Residential,2225000,3,2,Noe Valley,1325,118
Single Family Residential,4300000,3,4.5,Eureka Valley/Dolore,3890,118
Condo/Co-op,2600000,3,2.5,Potrero Hill,2540,0
Condo/Co-op,2330000,3,2,Potrero Hill,1573,0
Single Family Residential,2200000,3,2,Central Richmond,2520,94
Single Family Residential,2172000,3,1.5,Central Richmond,2000,99
Condo/Co-op,1775000,3,3,Outer Richmond,2444,0
Condo/Co-op,3300000,3,3,Alamo Square,2840,109
Condo/Co-op,2400000,3,2,Russian Hill,1915,95
Single Family Residential,8000000,3,3.5,Pacific Heights,3526,93
Condo/Co-op,2950000,3,3,South Beach,1791,2
Single Family Residential,1750000,3,2,Outer Richmond,2305,77
Condo/Co-op,2800000,3,3.5,Eureka Valley/Dolore,2016,131
Single Family Residential,4000000,3,2.5,Eureka Valley/Dolore,2506,22
Single Family Residential,2050000,3,2,Mount Davidson Manor,2520,66
Single Family Residential,2150000,3,1.5,Inner Mission,2200,88
Single Family Residential,2480000,3,2,Inner Mission,2240,111
Single Family Residential,1800000,3,2,Central Sunset,2207,88
Condo/Co-op,3995000,3,3.5,Nob Hill,3700,29
Condo/Co-op,1825000,3,2,Parnassus/Ashbury Heights,2023,109
Single Family Residential,1936400,3,1,Parnassus/Ashbury Heights,1500,79
Condo/Co-op,1800000,3,1.5,Haight Ashbury,1692,120
Single Family Residential,2050000,3,1.5,Parnassus/Ashbury Heights,1964,81
Single Family Residential,2350000,3,3,Lone Mountain,2645,81
Condo/Co-op,2300000,3,2,Mission Bay,1668,2
Condo/Co-op,4500000,3,2.5,Mission Bay,3000,6
Townhouse,1900000,3,3,Mission Bay,1534,6
Condo/Co-op,2800000,3,2.5,Potrero Hill,2370,0
Condo/Co-op,3200000,3,3.5,South Beach,2903,14
Single Family Residential,3850000,3,4,Eureka Valley/Dolore,3340,105
Single Family Residential,3350000,3,2.5,Eureka Valley/Dolore,2536,102
Single Family Residential,1775000,3,3.5,Bernal Heights,2463,20
Single Family Residential,2505555,3,2.5,Bernal Heights,2385,20
Condo/Co-op,1900000,3,2,Eureka Valley/Dolore,1381,133
Single Family Residential,3150000,3,3,Noe Valley,2380,108
Single Family Residential,2235000,3,2,Noe Valley,1782,108
Condo/Co-op,2800000,3,3,Hayes Valley,1757,4
Condo/Co-op,3400000,3,3,Russian Hill,2550,5
Condo/Co-op,2307000,3,2,Lower Pacific Height,1496,33
Single Family Residential,1963000,3,2,Bernal Heights,2235,77
Single Family Residential,1775000,3,2,Glen Park,1429,118
Single Family Residential,2700000,3,2.5,Bernal Heights,2465,12
Single Family Residential,2075000,3,2,Bernal Heights,1674,42
Single Family Residential,2450000,3,3,Bernal Heights,1938,88
Single Family Residential,2200000,3,2,Bernal Heights,1789,106
Single Family Residential,1865000,3,2,Outer Richmond,1800,87
Single Family Residential,2600000,3,2,Noe Valley,2206,115
Condo/Co-op,2550000,3,2.5,Noe Valley,2073,109
Condo/Co-op,2125000,3,2,Pacific Heights,1655,112
Single Family Residential,3425000,3,3,Potrero Hill,2600,88
Single Family Residential,2100000,3,2,Noe Valley,1575,118
Single Family Residential,1751000,3,2,Bernal Heights,1510,66
Single Family Residential,1805000,3,2,Bernal Heights,1350,68
Single Family Residential,1850000,3,2,Glen Park,1639,69
Condo/Co-op,1800000,3,2,Haight Ashbury,1692,118
Single Family Residential,2685730,3,2.75,Lone Mountain,2370,102
Townhouse,1750000,3,1.5,Haight Ashbury,1456,118
Condo/Co-op,2550000,3,2.5,Pacific Heights,2060,30
Condo/Co-op,5250000,3,3,South Beach,2692,0
Condo/Co-op,3116000,3,3,South Beach,1780,0
Single Family Residential,2000000,3,1.5,Noe Valley,1845,118
Condo/Co-op,1800000,3,2,Glen Park,1272,89
Townhouse,2425000,3,3.5,Glen Park,2104,15
Single Family Residential,3000000,3,3,Noe Valley,2381,94
Single Family Residential,3360000,3,3,Noe Valley,2405,106
Single Family Residential,2376500,3,1.5,Inner Richmond,2550,104
Single Family Residential,1825000,3,2,Inner Sunset,1500,81
Single Family Residential,2455000,3,2.5,Inner Richmond,1870,107
Condo/Co-op,2250000,3,2,Lake,1960,109
Condo/Co-op,2350000,3,2,Pacific Heights,2042,108
Condo/Co-op,8501000,3,3.5,Pacific Heights,3031,2
Condo/Co-op,2575000,3,3,Pacific Heights,1973,118
Condo/Co-op,1760000,3,1.25,Haight Ashbury,1608,118
Multi-Family (2-4 Unit),2200000,3,2,Haight Ashbury,3640,114
Single Family Residential,1950000,3,3,Outer Richmond,2210,94
Single Family Residential,1862500,3,2.5,Parnassus/Ashbury Heights,1886,118
Condo/Co-op,4100000,3,3,South Beach,1980,4
Condo/Co-op,7300000,3,3.5,South Beach,3214,4
Single Family Residential,2150000,3,2,Lone Mountain,1895,81
Condo/Co-op,2500000,3,2,Jordan Park/Laurel Heights,2053,90
Condo/Co-op,1800000,3,2,Russian Hill,1800,110
Multi-Family (2-4 Unit),2065000,3,2,Parnassus/Ashbury Heights,2700,104
Single Family Residential,1800000,3,1.5,Lone Mountain,1428,79
Condo/Co-op,1870000,3,3,Inner Richmond,1833,11
Single Family Residential,2200000,3,2,Parnassus/Ashbury Heights,2593,93
Single Family Residential,2125000,3,1,Central Richmond,2240,105
Condo/Co-op,2325000,3,3,Mission Dolores,1886,14
Condo/Co-op,2425000,3,2.5,Eureka Valley/Dolore,1992,30
Condo/Co-op,1950000,3,2,Eureka Valley/Dolore,1562,77
Multi-Family (2-4 Unit),1872510,3,2,Inner Mission,2292,112
Townhouse,4600000,3,2.5,Russian Hill,2425,20
Single Family Residential,2100000,3,1.5,Inner Richmond,2000,106
Condo/Co-op,1990000,3,2,Pacific Heights,1976,99
Condo/Co-op,4250000,3,3.5,Pacific Heights,3031,21
Single Family Residential,10500000,3,4.75,Pacific Heights,5664,89
Condo/Co-op,2512500,3,2.5,Pacific Heights,2230,114
Condo/Co-op,2028000,3,2,Pacific Heights,2069,110
Condo/Co-op,1952813,3,2,Pacific Heights,1700,97
Single Family Residential,2200000,3,1.5,Inner Sunset,1900,104
Single Family Residential,2300000,3,3,Bernal Heights,2172,108
Single Family Residential,2000000,3,1.5,Cow Hollow,1612,112
Single Family Residential,3310000,3,2.5,Pacific Heights,3570,118
Condo/Co-op,1750000,3,2,Lower Pacific Height,1610,116
Single Family Residential,1800000,3,2,Central Richmond,1450,99
Single Family Residential,1778000,3,1.25,Central Richmond,2008,96
Single Family Residential,1980000,3,2.5,Central Richmond,1820,97
Single Family Residential,1915000,3,2,Central Richmond,1920,106
Condo/Co-op,2242500,3,2,Alamo Square,2288,123
Single Family Residential,1775000,3,1,Bernal Heights,1250,108
Single Family Residential,2400000,3,1.5,Noe Valley,1550,110
Single Family Residential,1810000,3,2,Noe Valley,1452,81
